Province,District,SubDistric,Sector_2,ANC_New_Reg,ANC_HIV_Tested,ANC_HIV_Pos,Positivity,Prevalence,Deliveries_Total,Polio-Zero_P0,DTP_HepB_Hib3
EasternProvince,Bugesera,NyamataSubDistrict,Gashora,1005,974,5,0.51,0.64,571,889,823
EasternProvince,Bugesera,NyamataSubDistrict,Juru,976,304,3,0.99,1.23,751,768,789
EasternProvince,Bugesera,NyamataSubDistrict,Kamabuye,809,796,7,0.88,1.10,587,758,703
EasternProvince,Bugesera,NyamataSubDistrict,Mareba,932,923,8,0.87,1.08,622,659,802
EasternProvince,Bugesera,NyamataSubDistrict,Mayange,1280,1269,10,0.79,0.99,780,1167,1207
EasternProvince,Bugesera,NyamataSubDistrict,Musenyi,1101,926,3,0.32,0.40,643,977,1128
EasternProvince,Bugesera,NyamataSubDistrict,Mwogo,850,833,9,1.08,1.35,516,819,783
EasternProvince,Bugesera,NyamataSubDistrict,Ngeruka,1248,1241,5,0.40,0.50,935,1170,1138
EasternProvince,Bugesera,NyamataSubDistrict,Ntarama,713,192,2,1.04,1.30,375,636,721
EasternProvince,Bugesera,NyamataSubDistrict,Nyamata,1606,1533,46,3.00,3.75,725,1265,1360
EasternProvince,Bugesera,NyamataSubDistrict,Nyarugenge (Bugesera),711,0,0,0.00,0.00,404,485,556
EasternProvince,Bugesera,NyamataSubDistrict,Rilima,978,964,6,0.62,0.78,677,893,915
EasternProvince,Bugesera,NyamataSubDistrict,Ruhuha,1005,980,9,0.92,1.15,644,903,874
EasternProvince,Bugesera,NyamataSubDistrict,Rweru,1078,1072,4,0.37,0.47,668,1009,1061
EasternProvince,Bugesera,NyamataSubDistrict,Shyara,550,542,5,0.92,1.15,326,485,500
EasternProvince,Gatsibo,KiziguroSubDistrict,Gasange,714,706,2,0.28,0.21,447,566,515
EasternProvince,Gatsibo,KiziguroSubDistrict,Gitoki,626,619,63,10.18,7.63,350,432,451
EasternProvince,Gatsibo,KiziguroSubDistrict,Kabarore,2664,2635,25,1.71,1.28,1408,1848,2353
EasternProvince,Gatsibo,KiziguroSubDistrict,Kiziguro,1371,1346,15,1.11,0.84,809,1102,1148
EasternProvince,Gatsibo,KiziguroSubDistrict,Kramuruzi,1320,1302,18,1.38,1.04,838,1205,1062
EasternProvince,Gatsibo,KiziguroSubDistrict,Muhura,934,920,2,0.22,0.16,656,904,955
EasternProvince,Gatsibo,KiziguroSubDistrict,Murambi (Gatsibo),921,909,4,0.44,0.33,560,626,649
EasternProvince,Gatsibo,KiziguroSubDistrict,Remera (Gatsibo),1226,1211,7,1.18,0.88,674,989,1205
EasternProvince,Gatsibo,KiziguroSubDistrict,Rwimbogo (Gatsibo),2945,2817,22,1.57,1.18,1845,2184,2643
EasternProvince,Gatsibo,NgaramaSubDistrict,Gatsibo,1213,1182,3,0.81,0.61,657,963,1041
EasternProvince,Gatsibo,NgaramaSubDistrict,Kageyo (Gatsibo),1437,1384,9,1.20,0.90,796,1270,1174
EasternProvince,Gatsibo,NgaramaSubDistrict,Ngarama,1628,1577,8,0.51,0.38,608,1365,1429
EasternProvince,Gatsibo,NgaramaSubDistrict,Nyagihanga,457,451,1,0.22,0.17,252,386,382
EasternProvince,Kayonza,GahiniSubDistrict,Gahini,1053,1037,12,1.16,0.97,378,1318,1319
EasternProvince,Kayonza,GahiniSubDistrict,Mukarange (Kayonza),1434,1359,12,1.55,1.30,793,1194,1362
EasternProvince,Kayonza,GahiniSubDistrict,Murundi (Kayonza),1209,1114,5,0.45,0.38,517,770,1221
EasternProvince,Kayonza,GahiniSubDistrict,Mwiri,1197,1183,5,0.65,0.54,656,840,984
EasternProvince,Kayonza,GahiniSubDistrict,Rukara,1809,1784,176,9.87,8.29,1121,1233,1257
EasternProvince,Kayonza,RwinkwavuSubDistrict,Kabare,810,808,4,0.50,0.42,508,811,979
EasternProvince,Kayonza,RwinkwavuSubDistrict,Kabarondo,1084,1114,27,2.42,2.04,495,725,1059
EasternProvince,Kayonza,RwinkwavuSubDistrict,Murama,402,403,5,1.24,1.04,177,283,690
EasternProvince,Kayonza,RwinkwavuSubDistrict,Ndego,980,1215,8,0.66,0.55,596,630,709
EasternProvince,Kayonza,RwinkwavuSubDistrict,Nyamirama,921,906,19,2.10,1.76,469,761,1088
EasternProvince,Kayonza,RwinkwavuSubDistrict,Ruramira,626,623,12,1.93,1.62,312,368,476
EasternProvince,Kayonza,RwinkwavuSubDistrict,Rwinkwavu,1377,1335,15,1.12,0.94,0,939,1050
EasternProvince,Kirehe,KireheSubDistrict,Gahara,1306,1285,4,0.58,0.39,736,851,1116
EasternProvince,Kirehe,KireheSubDistrict,Gatore,645,630,0,0.00,0.00,221,286,368
EasternProvince,Kirehe,KireheSubDistrict,Kigarama (Kirehe),0,0,0,0.00,0.00,2,72,61
EasternProvince,Kirehe,KireheSubDistrict,Kirehe,2469,2382,26,1.09,0.73,1358,3046,2037
EasternProvince,Kirehe,KireheSubDistrict,Mahama,564,418,4,0.96,0.64,331,325,572
EasternProvince,Kirehe,KireheSubDistrict,Mpanga,841,835,11,2.59,1.74,573,645,743
EasternProvince,Kirehe,KireheSubDistrict,Musaza,1104,1003,2,0.20,0.13,580,614,1139
EasternProvince,Kirehe,KireheSubDistrict,Mushikiri,574,739,2,0.27,0.18,330,395,473
EasternProvince,Kirehe,KireheSubDistrict,Nasho,1188,1187,11,1.29,0.86,716,766,1127
EasternProvince,Kirehe,KireheSubDistrict,Nyamugari,2159,2038,16,1.52,1.02,1229,1669,2018
EasternProvince,Kirehe,KireheSubDistrict,Nyarubuye,1049,1042,8,1.96,1.31,686,822,1019
EasternProvince,Ngoma,KibungoSubDistrict,Jarama,1062,1052,2,0.19,0.16,551,783,865
EasternProvince,Ngoma,KibungoSubDistrict,Kibungo,2293,2242,25,1.12,0.94,1211,2627,1798
EasternProvince,Ngoma,KibungoSubDistrict,Mugesera,761,695,62,8.92,7.49,471,631,748
EasternProvince,Ngoma,KibungoSubDistrict,Murama (Ngoma),1044,957,5,0.52,0.44,399,849,1039
EasternProvince,Ngoma,KibungoSubDistrict,Mutenderi,893,889,6,0.67,0.57,765,846,1103
EasternProvince,Ngoma,KibungoSubDistrict,Remera (Ngoma),1284,1234,7,0.57,0.48,825,709,972
EasternProvince,Ngoma,KibungoSubDistrict,Rukira,750,743,4,0.54,0.45,396,439,660
EasternProvince,Ngoma,KibungoSubDistrict,Rukumberi,1054,1036,4,0.39,0.32,550,867,1000
EasternProvince,Ngoma,KibungoSubDistrict,Rurenge,769,765,9,1.18,0.99,390,658,827
EasternProvince,Ngoma,KibungoSubDistrict,Sake,1000,933,4,0.43,0.36,568,767,848
EasternProvince,Ngoma,KibungoSubDistrict,Zaza,1772,1705,10,1.16,0.97,1248,1331,1754
EasternProvince,Nyagatare,NyagatareSubDistrict,Gatunda,678,674,5,0.74,0.59,483,625,645
EasternProvince,Nyagatare,NyagatareSubDistrict,Karama,677,672,7,1.04,0.82,428,549,609
EasternProvince,Nyagatare,NyagatareSubDistrict,Karangazi,1161,1152,6,0.52,0.41,502,260,1156
EasternProvince,Nyagatare,NyagatareSubDistrict,Katabegemu,1262,1156,4,0.71,0.56,770,983,1265
EasternProvince,Nyagatare,NyagatareSubDistrict,Kiyombe,459,418,1,0.24,0.19,291,397,369
EasternProvince,Nyagatare,NyagatareSubDistrict,Matimba,1218,1090,7,1.37,1.08,659,1052,1403
EasternProvince,Nyagatare,NyagatareSubDistrict,Mimuri,1228,1215,11,1.73,1.37,741,1038,1116
EasternProvince,Nyagatare,NyagatareSubDistrict,Mukama,552,543,2,0.37,0.29,342,460,493
EasternProvince,Nyagatare,NyagatareSubDistrict,Musheri,1231,1190,5,0.42,0.33,838,1012,1227
EasternProvince,Nyagatare,NyagatareSubDistrict,Nyagatare,4015,3959,43,3.00,2.37,1224,2541,3879
EasternProvince,Nyagatare,NyagatareSubDistrict,Rukomo,1837,1820,10,0.99,0.78,1144,1547,1628
EasternProvince,Nyagatare,NyagatareSubDistrict,Rwempasha,1119,1116,12,1.08,0.85,315,1050,1431
EasternProvince,Nyagatare,NyagatareSubDistrict,Rwimiyaga,2244,2151,33,1.53,1.21,1336,363,1499
EasternProvince,Nyagatare,NyagatareSubDistrict,Tabagwe,1092,1092,5,0.46,0.36,563,432,1041
EasternProvince,Rwamagana,RwamaganaSubDistrict,Fumbwe,977,945,7,0.74,0.68,673,903,1103
EasternProvince,Rwamagana,RwamaganaSubDistrict,Gahengeri,587,587,7,1.19,1.10,214,577,387
EasternProvince,Rwamagana,RwamaganaSubDistrict,Gishali,1468,1408,22,2.96,2.73,901,1327,1420
EasternProvince,Rwamagana,RwamaganaSubDistrict,Karenge,683,670,5,0.75,0.69,352,577,602
EasternProvince,Rwamagana,RwamaganaSubDistrict,Kigabiro,1921,1753,30,1.71,1.57,672,2193,1637
EasternProvince,Rwamagana,RwamaganaSubDistrict,Muhazi,1160,968,12,2.32,2.13,472,869,1049
EasternProvince,Rwamagana,RwamaganaSubDistrict,Munyange,531,535,11,2.06,1.89,303,466,491
EasternProvince,Rwamagana,RwamaganaSubDistrict,Musha (Rwamagana),881,864,13,1.50,1.38,349,693,614
EasternProvince,Rwamagana,RwamaganaSubDistrict,Muyumba,828,806,14,1.74,1.60,420,705,786
EasternProvince,Rwamagana,RwamaganaSubDistrict,Nyakaliro,609,602,7,1.16,1.07,322,515,486
EasternProvince,Rwamagana,RwamaganaSubDistrict,Nzige,612,598,4,0.67,0.62,387,632,609
EasternProvince,Rwamagana,RwamaganaSubDistrict,Robona,1109,1092,6,0.55,0.51,609,804,950
KigaliCity,Gasabo,KacyiruSubDistrict,Kacyiru,3669,3522,105,2.98,2.21,0,3284,2381
KigaliCity,Gasabo,KibagabagaSubDistrict,Gikomero,1073,1035,12,2.30,1.70,572,894,1077
KigaliCity,Gasabo,KibagabagaSubDistrict,Jabana,2152,1975,40,4.16,3.08,839,1497,1814
KigaliCity,Gasabo,KibagabagaSubDistrict,Jali,1212,1192,42,5.18,3.83,391,1233,1833
KigaliCity,Gasabo,KibagabagaSubDistrict,Kimironko,2216,1957,53,2.71,2.00,793,3234,2494
KigaliCity,Gasabo,KibagabagaSubDistrict,Kinyinya,3783,3758,113,9.84,7.28,1208,3802,3769
KigaliCity,Gasabo,KibagabagaSubDistrict,Ndera,1113,1079,23,2.13,1.58,455,760,976
KigaliCity,Gasabo,KibagabagaSubDistrict,Nduba,471,470,3,0.64,0.47,297,384,471
KigaliCity,Gasabo,KibagabagaSubDistrict,Remera,696,680,24,3.53,2.61,0,0,498
KigaliCity,Gasabo,KibagabagaSubDistrict,Rusororo,618,613,16,2.61,1.93,0,8,142
KigaliCity,Gasabo,KibagabagaSubDistrict,Rutunga,633,624,3,0.48,0.36,436,608,675
KigaliCity,Kicukiro,MasakaSubDistrict,Gahanga,1369,2201,39,1.77,1.38,639,1312,1294
KigaliCity,Kicukiro,MasakaSubDistrict,Gatenga,0,0,0,0.00,0.00,90,99,13
KigaliCity,Kicukiro,MasakaSubDistrict,Gikondo,1625,1537,32,2.08,1.62,1,1084,1775
KigaliCity,Kicukiro,MasakaSubDistrict,Kanombe,997,958,25,2.61,2.04,450,989,1152
KigaliCity,Kicukiro,MasakaSubDistrict,Kicukiro,1265,1229,26,2.12,1.65,391,1284,1374
KigaliCity,Kicukiro,MasakaSubDistrict,Masaka,3288,3186,51,3.19,2.49,1779,3089,2875
KigaliCity,Kicukiro,MasakaSubDistrict,Niboye,965,914,20,2.19,1.71,757,993,1013
KigaliCity,Kicukiro,MasakaSubDistrict,Nyarugunga,746,742,29,3.91,3.05,367,698,833
KigaliCity,Nyarugenge,MuhimaSubDistrict,Kanyinya,212,169,3,1.78,1.51,44,70,88
KigaliCity,Nyarugenge,MuhimaSubDistrict,Kigali,645,625,9,1.44,1.22,177,675,1340
KigaliCity,Nyarugenge,MuhimaSubDistrict,Kimisagara,2184,2025,48,2.37,2.01,914,1386,1789
KigaliCity,Nyarugenge,MuhimaSubDistrict,Mageragere,1133,1116,10,2.90,2.47,568,500,878
KigaliCity,Nyarugenge,MuhimaSubDistrict,Muhima,2304,2281,73,3.20,2.72,0,7685,1970
KigaliCity,Nyarugenge,MuhimaSubDistrict,Nyakabanda,963,899,19,2.11,1.80,387,491,915
KigaliCity,Nyarugenge,MuhimaSubDistrict,Nyamirambo,1385,1329,19,1.43,1.22,907,715,990
KigaliCity,Nyarugenge,MuhimaSubDistrict,Nyarugenge,2486,2341,66,5.85,4.97,360,679,2103
NorthernProvince,Burera,ButaroSubDistrict,Bungwe,1027,1015,2,0.20,0.11,630,772,773
NorthernProvince,Burera,ButaroSubDistrict,Butaro,1247,1131,2,0.18,0.10,651,1099,765
NorthernProvince,Burera,ButaroSubDistrict,Cyanika (Burera),1010,1010,3,0.30,0.17,560,742,1157
NorthernProvince,Burera,ButaroSubDistrict,Cyeru,567,554,1,0.18,0.10,282,412,425
NorthernProvince,Burera,ButaroSubDistrict,Gahunga,799,782,3,0.38,0.22,499,560,616
NorthernProvince,Burera,ButaroSubDistrict,Gatebe,0,0,0,0.00,0.00,0,0,0
NorthernProvince,Burera,ButaroSubDistrict,Gitovu,322,319,1,0.31,0.18,199,252,320
NorthernProvince,Burera,ButaroSubDistrict,Kagogo,1093,1042,0,0.00,0.00,781,916,673
NorthernProvince,Burera,ButaroSubDistrict,Kinoni,1079,972,4,0.77,0.45,593,888,924
NorthernProvince,Burera,ButaroSubDistrict,Kinyababa,683,611,1,0.16,0.09,330,631,577
NorthernProvince,Burera,ButaroSubDistrict,Kivuye,849,868,1,0.19,0.11,555,634,602
NorthernProvince,Burera,ButaroSubDistrict,Nemba,726,706,2,0.28,0.16,637,819,543
NorthernProvince,Burera,ButaroSubDistrict,Regengabari,704,700,0,0.00,0.00,488,580,576
NorthernProvince,Burera,ButaroSubDistrict,Ruhunde,581,580,2,0.34,0.20,316,434,553
NorthernProvince,Burera,ButaroSubDistrict,Rusarabuye,973,944,5,0.53,0.31,566,804,486
NorthernProvince,Burera,ButaroSubDistrict,Rwerere,453,455,1,0.22,0.13,286,370,542
NorthernProvince,Gakenke,NembaSubDistrict,Busengo,497,496,1,0.20,0.56,311,436,495
NorthernProvince,Gakenke,NembaSubDistrict,Cyabingo,544,840,2,0.24,0.67,387,433,480
NorthernProvince,Gakenke,NembaSubDistrict,Gashenyi,956,946,1,0.21,0.59,465,622,744
NorthernProvince,Gakenke,NembaSubDistrict,Janja,908,1270,6,0.83,2.31,701,672,516
NorthernProvince,Gakenke,NembaSubDistrict,Kamubuga,1270,1241,2,0.34,0.94,780,1011,1068
NorthernProvince,Gakenke,NembaSubDistrict,Kivuruga,686,678,4,0.59,1.65,383,550,515
NorthernProvince,Gakenke,NembaSubDistrict,Mataba,535,535,10,1.87,5.23,394,525,561
NorthernProvince,Gakenke,NembaSubDistrict,Mugunga,472,464,1,0.22,0.60,254,414,478
NorthernProvince,Gakenke,NembaSubDistrict,Muzo,516,515,1,0.19,0.54,199,356,515
NorthernProvince,Gakenke,NembaSubDistrict,Nemba,1078,1073,19,1.77,4.96,618,1310,926
NorthernProvince,Gakenke,NembaSubDistrict,Rusasa,277,277,2,0.72,2.02,195,191,367
NorthernProvince,Gakenke,RuliSubDistrict,Coko,665,658,2,0.44,1.22,361,599,652
NorthernProvince,Gakenke,RuliSubDistrict,Muhondo,421,415,1,0.24,0.67,147,244,383
NorthernProvince,Gakenke,RuliSubDistrict,Muyongwe,22,19,0,0.00,0.00,0,0,0
NorthernProvince,Gakenke,RuliSubDistrict,Ruli,536,542,8,1.48,4.13,253,858,472
NorthernProvince,Gakenke,RuliSubDistrict,Rushashi,757,735,2,0.54,1.52,412,644,763
NorthernProvince,Gicumbi,ByumbaSubDistrict,Bukure,450,443,4,0.90,0.79,321,355,418
NorthernProvince,Gicumbi,ByumbaSubDistrict,Bwisige,845,831,0,0.00,0.00,546,621,729
NorthernProvince,Gicumbi,ByumbaSubDistrict,Byumba,1333,1287,18,2.28,1.98,675,2440,991
NorthernProvince,Gicumbi,ByumbaSubDistrict,Cyumba,188,182,4,2.20,1.91,66,90,68
NorthernProvince,Gicumbi,ByumbaSubDistrict,Giti,408,407,3,0.74,0.64,264,240,387
NorthernProvince,Gicumbi,ByumbaSubDistrict,Kageyo,1052,1044,11,2.07,1.80,631,770,744
NorthernProvince,Gicumbi,ByumbaSubDistrict,Kaniga,525,517,6,1.16,1.01,381,461,469
NorthernProvince,Gicumbi,ByumbaSubDistrict,Manyagiro,550,546,3,0.55,0.48,367,440,455
NorthernProvince,Gicumbi,ByumbaSubDistrict,Miyove,598,643,3,0.47,0.41,399,545,488
NorthernProvince,Gicumbi,ByumbaSubDistrict,Muko (Gicumbi),436,434,1,0.23,0.20,305,338,364
NorthernProvince,Gicumbi,ByumbaSubDistrict,Mutete,670,653,2,0.31,0.27,337,502,807
NorthernProvince,Gicumbi,ByumbaSubDistrict,Nyankenke,695,690,5,0.72,0.63,438,548,616
NorthernProvince,Gicumbi,ByumbaSubDistrict,Rubaya,536,533,7,1.31,1.14,281,772,410
NorthernProvince,Gicumbi,ByumbaSubDistrict,Rukomo,1031,950,0,0.00,0.00,673,858,1053
NorthernProvince,Gicumbi,ByumbaSubDistrict,Rushaki,808,797,2,0.25,0.22,474,617,600
NorthernProvince,Gicumbi,ByumbaSubDistrict,Rutare,948,944,6,0.64,0.55,543,850,903
NorthernProvince,Gicumbi,ByumbaSubDistrict,Ruvune,282,281,1,0.36,0.31,145,191,255
NorthernProvince,Gicumbi,ByumbaSubDistrict,Rwamiko,422,423,2,0.47,0.41,274,344,393
NorthernProvince,Gicumbi,ByumbaSubDistrict,Shangasha,590,585,2,0.34,0.30,437,504,550
NorthernProvince,Musanze,RuhengeriSubDistrict,Busogo,820,818,4,0.49,0.40,580,674,741
NorthernProvince,Musanze,RuhengeriSubDistrict,Cyuve,1686,1669,6,0.66,0.54,878,1241,1570
NorthernProvince,Musanze,RuhengeriSubDistrict,Gashaki,363,363,1,0.28,0.23,200,304,361
NorthernProvince,Musanze,RuhengeriSubDistrict,Gataraga,690,693,2,0.29,0.24,383,516,539
NorthernProvince,Musanze,RuhengeriSubDistrict,Kinigi,1640,1629,11,1.29,1.06,960,1173,1334
NorthernProvince,Musanze,RuhengeriSubDistrict,Muhoza,3333,3248,39,1.20,0.98,1542,4908,2687
NorthernProvince,Musanze,RuhengeriSubDistrict,Muko,568,521,3,0.58,0.47,270,405,476
NorthernProvince,Musanze,RuhengeriSubDistrict,Musanze,0,0,0,0.00,0.00,0,0,0
NorthernProvince,Musanze,RuhengeriSubDistrict,Nkotsi,858,845,6,0.71,0.58,578,667,754
NorthernProvince,Musanze,RuhengeriSubDistrict,Remera (Musanze),414,414,3,0.72,0.59,201,296,353
NorthernProvince,Musanze,RuhengeriSubDistrict,Rwaza,471,463,3,0.65,0.53,280,359,449
NorthernProvince,Musanze,RuhengeriSubDistrict,Shingiro,848,836,3,0.36,0.29,375,563,556
NorthernProvince,Rulindo,KinihiraSubDistrict,Bushoki,906,906,9,0.99,0.74,701,721,746
NorthernProvince,Rulindo,KinihiraSubDistrict,Buyoga,755,746,4,1.10,0.81,441,675,675
NorthernProvince,Rulindo,KinihiraSubDistrict,Kinihira (Rulindo),713,702,4,0.57,0.42,337,621,557
NorthernProvince,Rulindo,KinihiraSubDistrict,Kisaro,584,584,5,0.86,0.63,521,540,451
NorthernProvince,Rulindo,KinihiraSubDistrict,Mbogo,436,436,4,0.92,0.68,282,416,441
NorthernProvince,Rulindo,KinihiraSubDistrict,Rukozo,899,892,2,0.22,0.17,538,967,903
NorthernProvince,Rulindo,KinihiraSubDistrict,Rusiga,569,567,3,0.53,0.39,249,410,407
NorthernProvince,Rulindo,KinihiraSubDistrict,Tumba,624,615,0,0.00,0.00,517,558,579
NorthernProvince,Rulindo,RutongoSubDistrict,Burega,13,17,0,0.00,0.00,0,33,45
NorthernProvince,Rulindo,RutongoSubDistrict,Masoro,686,671,9,1.34,0.99,216,800,493
NorthernProvince,Rulindo,RutongoSubDistrict,Murambi,602,589,44,10.76,7.97,333,561,557
NorthernProvince,Rulindo,RutongoSubDistrict,Ngoma,908,898,3,0.33,0.25,483,759,723
NorthernProvince,Rulindo,RutongoSubDistrict,Ntarabana,1719,1694,8,1.00,0.74,856,1463,1227
NorthernProvince,Rulindo,RutongoSubDistrict,Shyorongi,1402,1368,13,2.76,2.04,656,1138,1231
SouthernProvince,Gisagara,GakomaSubDistrict,Gikonko,901,901,8,0.89,0.70,609,713,762
SouthernProvince,Gisagara,GakomaSubDistrict,Gishubi,468,467,2,0.43,0.34,194,439,605
SouthernProvince,Gisagara,GakomaSubDistrict,Mamba,1098,1167,90,7.71,6.09,458,896,909
SouthernProvince,Gisagara,GakomaSubDistrict,Musha,631,622,4,0.64,0.51,311,601,760
SouthernProvince,Gisagara,GakomaSubDistrict,Save,904,883,10,1.13,0.89,496,884,952
SouthernProvince,Gisagara,KibiliziSubDistrict,Kansi,1002,1020,3,0.57,0.45,732,881,937
SouthernProvince,Gisagara,KibiliziSubDistrict,Kibirizi,775,775,11,1.42,1.12,332,887,610
SouthernProvince,Gisagara,KibiliziSubDistrict,Kigembe,0,0,0,0.00,0.00,0,0,0
SouthernProvince,Gisagara,KibiliziSubDistrict,Muganza,993,987,5,0.51,0.40,548,478,758
SouthernProvince,Gisagara,KibiliziSubDistrict,Mugombwa,1038,965,16,1.66,1.31,644,955,945
SouthernProvince,Gisagara,KibiliziSubDistrict,Mukindo,796,772,8,1.04,0.82,487,688,847
SouthernProvince,Gisagara,KibiliziSubDistrict,Ndora,724,717,4,0.56,0.44,380,497,693
SouthernProvince,Gisagara,KibiliziSubDistrict,Nyanza,823,806,2,0.25,0.20,532,630,612
SouthernProvince,Huye,KabutareSubDistrict,Gishamvu,441,407,3,0.74,0.61,313,261,361
SouthernProvince,Huye,KabutareSubDistrict,Huye,932,902,16,1.77,1.47,451,729,785
SouthernProvince,Huye,KabutareSubDistrict,Karama,469,599,0,0.00,0.00,300,437,416
SouthernProvince,Huye,KabutareSubDistrict,Kigoma (Huye),485,485,48,9.90,8.21,356,477,472
SouthernProvince,Huye,KabutareSubDistrict,Maraba,501,412,9,2.18,1.81,303,449,460
SouthernProvince,Huye,KabutareSubDistrict,Mbazi,559,406,4,0.99,0.82,277,536,669
SouthernProvince,Huye,KabutareSubDistrict,Mukura,0,0,0,0.00,0.00,0,0,0
SouthernProvince,Huye,KabutareSubDistrict,Ngoma (Huye),1227,1204,36,8.81,7.31,513,1385,1461
SouthernProvince,Huye,KabutareSubDistrict,Ruhashya,638,491,5,1.02,0.85,381,384,482
SouthernProvince,Huye,KabutareSubDistrict,Rusatira,1888,1852,17,1.99,1.65,1012,1541,1608
SouthernProvince,Huye,KabutareSubDistrict,Rwaniro,432,400,2,0.50,0.42,309,276,383
SouthernProvince,Huye,KabutareSubDistrict,Simbi,698,691,5,0.72,0.60,467,563,512
SouthernProvince,Huye,KabutareSubDistrict,Tumba,1519,1487,20,1.34,1.12,604,1656,1886
SouthernProvince,Kamonyi,RemeraRukomaSubDistrict,Gacurabwenge,1368,1268,44,3.47,2.43,605,1160,1029
SouthernProvince,Kamonyi,RemeraRukomaSubDistrict,Kayenzi,1008,996,3,0.30,0.21,516,872,1015
SouthernProvince,Kamonyi,RemeraRukomaSubDistrict,Mugina,1993,1931,11,1.12,0.78,1031,1593,1858
SouthernProvince,Kamonyi,RemeraRukomaSubDistrict,Musambira,960,821,7,0.85,0.60,394,796,1058
SouthernProvince,Kamonyi,RemeraRukomaSubDistrict,Ngamba,449,446,3,1.31,0.92,292,407,400
SouthernProvince,Kamonyi,RemeraRukomaSubDistrict,Nyamiyaga,4,4,0,0.00,0.00,289,59,43
SouthernProvince,Kamonyi,RemeraRukomaSubDistrict,Nyarubaka,657,647,13,2.01,1.41,418,404,620
SouthernProvince,Kamonyi,RemeraRukomaSubDistrict,Rugarika,762,760,16,2.11,1.47,392,641,871
SouthernProvince,Kamonyi,RemeraRukomaSubDistrict,Rukoma,914,900,5,0.56,0.39,443,1402,892
SouthernProvince,Kamonyi,RemeraRukomaSubDistrict,Runda,878,851,15,1.76,1.23,442,731,877
SouthernProvince,Muhanga,KabgayiSubDistrict,Cyeza,1636,1602,7,0.83,0.61,892,1348,1394
SouthernProvince,Muhanga,KabgayiSubDistrict,Kabucuzi,478,474,4,0.84,0.62,277,441,531
SouthernProvince,Muhanga,KabgayiSubDistrict,Kibangu,522,519,4,0.77,0.57,280,324,453
SouthernProvince,Muhanga,KabgayiSubDistrict,Kiyumba,728,723,2,0.28,0.20,290,570,598
SouthernProvince,Muhanga,KabgayiSubDistrict,Mushishiro,514,501,4,0.80,0.59,307,408,493
SouthernProvince,Muhanga,KabgayiSubDistrict,Nyabinoni,384,379,2,0.53,0.39,232,230,376
SouthernProvince,Muhanga,KabgayiSubDistrict,Nyamabuye,1534,1479,40,2.70,2.00,524,3309,1639
SouthernProvince,Muhanga,KabgayiSubDistrict,Nyarusange,843,817,11,3.40,2.52,471,588,676
SouthernProvince,Muhanga,KabgayiSubDistrict,Rongi,701,698,5,0.72,0.53,291,685,642
SouthernProvince,Muhanga,KabgayiSubDistrict,Rugendabari,472,467,6,2.68,1.98,199,520,464
SouthernProvince,Muhanga,KabgayiSubDistrict,Shyogwe,1466,1453,43,5.35,3.96,556,937,1362
SouthernProvince,Nyamagabe,KaduhaSubDistrict,Buruhukiro,0,0,0,0.00,0.00,76,22,0
SouthernProvince,Nyamagabe,KaduhaSubDistrict,Gatare,488,483,2,0.41,0.40,315,281,392
SouthernProvince,Nyamagabe,KaduhaSubDistrict,Kabumbwe,383,379,0,0.00,0.00,229,278,265
SouthernProvince,Nyamagabe,KaduhaSubDistrict,Kaduha,751,1030,4,0.39,0.38,373,1016,566
SouthernProvince,Nyamagabe,KaduhaSubDistrict,Mugano,394,391,3,0.77,0.74,247,315,429
SouthernProvince,Nyamagabe,KaduhaSubDistrict,Musange,462,456,3,0.66,0.64,213,300,382
SouthernProvince,Nyamagabe,KaduhaSubDistrict,Musebeya,848,835,6,0.72,0.70,417,526,779
SouthernProvince,Nyamagabe,KaduhaSubDistrict,Mushubi,723,713,2,0.28,0.27,386,498,552
SouthernProvince,Nyamagabe,KaduhaSubDistrict,Nkomane,490,490,6,1.22,1.19,331,283,373
SouthernProvince,Nyamagabe,KigemeSubDistrict,Cyanika,495,486,5,1.03,1.00,234,320,332
SouthernProvince,Nyamagabe,KigemeSubDistrict,Gasaka,2017,1991,21,2.20,2.13,736,1827,1331
SouthernProvince,Nyamagabe,KigemeSubDistrict,Kamageri,372,364,3,0.82,0.80,197,323,329
SouthernProvince,Nyamagabe,KigemeSubDistrict,Kibirizi (Nyamagabe),22,22,0,0.00,0.00,155,179,198
SouthernProvince,Nyamagabe,KigemeSubDistrict,Kitabi,795,773,6,0.78,0.75,474,442,560
SouthernProvince,Nyamagabe,KigemeSubDistrict,Mbazi (Nyamagabe),292,289,2,0.69,0.67,150,237,314
SouthernProvince,Nyamagabe,KigemeSubDistrict,Tare,830,806,6,0.74,0.72,557,772,701
SouthernProvince,Nyamagabe,KigemeSubDistrict,Uwinkingi,520,517,5,0.97,0.94,251,318,359
SouthernProvince,Nyanza,NyanzaSubDistrict,Busasamana,1843,1765,29,3.21,3.21,773,1625,1440
SouthernProvince,Nyanza,NyanzaSubDistrict,Busoro,1301,1288,12,0.93,0.93,640,1217,1265
SouthernProvince,Nyanza,NyanzaSubDistrict,Cyabakamyi,527,493,4,0.81,0.81,125,264,469
SouthernProvince,Nyanza,NyanzaSubDistrict,Kibilizi,1086,1174,5,0.48,0.48,591,839,976
SouthernProvince,Nyanza,NyanzaSubDistrict,Kigoma,961,938,12,1.28,1.28,496,666,1345
SouthernProvince,Nyanza,NyanzaSubDistrict,Mukingo,863,771,17,2.20,2.20,329,697,926
SouthernProvince,Nyanza,NyanzaSubDistrict,Muyira,1312,1262,11,1.77,1.77,529,753,1075
SouthernProvince,Nyanza,NyanzaSubDistrict,Ntyazo,1030,1000,6,1.18,1.18,499,763,923
SouthernProvince,Nyanza,NyanzaSubDistrict,Nyagisozi,997,983,8,1.53,1.53,524,676,859
SouthernProvince,Nyanza,NyanzaSubDistrict,Rwabicuma,768,715,5,1.40,1.40,338,571,596
SouthernProvince,Nyaruguru,MuniniSubDistrict,Busanze,1031,1027,10,0.97,0.67,666,782,738
SouthernProvince,Nyaruguru,MuniniSubDistrict,Cyahinda,1196,1187,3,0.52,0.36,728,732,845
SouthernProvince,Nyaruguru,MuniniSubDistrict,Kibeho,523,523,8,1.53,1.06,238,466,426
SouthernProvince,Nyaruguru,MuniniSubDistrict,Kivu,542,538,0,0.00,0.00,313,448,566
SouthernProvince,Nyaruguru,MuniniSubDistrict,Mataba,396,396,0,0.00,0.00,187,305,378
SouthernProvince,Nyaruguru,MuniniSubDistrict,Muganza (Nyaruguru),548,546,2,0.37,0.25,355,388,455
SouthernProvince,Nyaruguru,MuniniSubDistrict,Munini,520,504,3,0.60,0.41,159,509,455
SouthernProvince,Nyaruguru,MuniniSubDistrict,Ngera,305,305,7,2.30,1.58,94,282,428
SouthernProvince,Nyaruguru,MuniniSubDistrict,Ngoma (Nyaruguru),697,690,4,0.58,0.40,467,562,599
SouthernProvince,Nyaruguru,MuniniSubDistrict,Nyabimata,658,657,4,0.61,0.42,447,540,564
SouthernProvince,Nyaruguru,MuniniSubDistrict,Nyagisozi (Nyaruguru),621,621,0,0.00,0.00,339,521,714
SouthernProvince,Nyaruguru,MuniniSubDistrict,Ruheru,767,764,5,0.65,0.45,286,725,747
SouthernProvince,Nyaruguru,MuniniSubDistrict,Ruramba,379,375,3,0.80,0.55,198,315,338
SouthernProvince,Nyaruguru,MuniniSubDistrict,Rusenge,652,644,2,0.31,0.21,327,487,682
SouthernProvince,Ruhango,GitweSubDistrict,Bweramana,804,783,9,1.15,0.85,601,1047,1036
SouthernProvince,Ruhango,GitweSubDistrict,Byimana,965,939,15,1.60,1.18,257,549,742
SouthernProvince,Ruhango,GitweSubDistrict,Kabagali,674,725,6,0.83,0.61,284,601,710
SouthernProvince,Ruhango,GitweSubDistrict,Kinihira (Ruhango),807,786,14,3.95,2.93,459,606,634
SouthernProvince,Ruhango,GitweSubDistrict,Mwendo,852,832,4,0.97,0.72,617,853,935
SouthernProvince,Ruhango,RuhangoSubDistrict,Kinazi (Ruhango),1829,1792,27,2.52,1.87,878,1687,1600
SouthernProvince,Ruhango,RuhangoSubDistrict,Mbuye,1884,1827,7,0.77,0.57,822,1354,1473
SouthernProvince,Ruhango,RuhangoSubDistrict,Ntongwe,734,680,8,1.18,0.87,350,535,849
SouthernProvince,Ruhango,RuhangoSubDistrict,Ruhango,2015,1965,21,2.27,1.68,844,2072,2032
WesternProvince,Karongi,KibuyeSubDistrict,Bwishyura,1234,1171,25,2.13,2.07,253,1404,1073
WesternProvince,Karongi,KibuyeSubDistrict,Gitesi,803,693,11,1.59,1.54,352,652,759
WesternProvince,Karongi,KibuyeSubDistrict,Mutuntu,623,614,0,0.00,0.00,421,611,568
WesternProvince,Karongi,KibuyeSubDistrict,Rubengera,1354,1304,11,1.68,1.63,650,1059,1258
WesternProvince,Karongi,KibuyeSubDistrict,Rugabano,1252,1226,14,3.75,3.64,746,1175,1187
WesternProvince,Karongi,KibuyeSubDistrict,Rwankuba,1393,1324,7,1.64,1.59,755,1058,1243
WesternProvince,Karongi,KirindaSubDistrict,Gashari,924,874,4,0.85,0.83,520,694,794
WesternProvince,Karongi,KirindaSubDistrict,Murambi,814,743,5,0.67,0.65,349,590,537
WesternProvince,Karongi,KirindaSubDistrict,Murundi,649,639,3,0.47,0.46,427,585,656
WesternProvince,Karongi,KirindaSubDistrict,Ruganda,433,432,11,2.55,2.47,188,345,396
WesternProvince,Karongi,MugoneroSubDistrict,Gishyita,604,557,10,3.03,2.93,269,867,602
WesternProvince,Karongi,MugoneroSubDistrict,Mubuga,669,609,2,0.48,0.46,378,509,583
WesternProvince,Karongi,MugoneroSubDistrict,Twumba,988,978,5,1.30,1.26,493,755,796
WesternProvince,Ngororero,KabayaSubDistrict,Hindiro,854,974,7,0.72,0.58,613,778,712
WesternProvince,Ngororero,KabayaSubDistrict,Kabaya,1636,1618,6,0.37,0.30,762,1748,1211
WesternProvince,Ngororero,KabayaSubDistrict,Kavuma,1668,2393,11,0.46,0.37,891,1332,1147
WesternProvince,Ngororero,KabayaSubDistrict,Muhanda,433,1044,5,0.48,0.39,267,336,354
WesternProvince,Ngororero,MuhororoSubDistrict,Bwira,565,565,1,0.18,0.14,349,451,446
WesternProvince,Ngororero,MuhororoSubDistrict,Gatumba,771,830,8,1.95,1.58,433,1093,598
WesternProvince,Ngororero,MuhororoSubDistrict,Kageyo (Ngororero),0,0,0,0.00,0.00,0,0,0
WesternProvince,Ngororero,MuhororoSubDistrict,Muhororo,508,502,3,0.60,0.48,199,311,355
WesternProvince,Ngororero,MuhororoSubDistrict,Ndaro,486,471,1,0.21,0.17,556,534,612
WesternProvince,Ngororero,MuhororoSubDistrict,Ngororero,1275,1264,7,1.32,1.07,546,734,815
WesternProvince,Ngororero,MuhororoSubDistrict,Nyange,864,864,14,1.62,1.31,451,655,764
WesternProvince,Nyabihu,ShyiraSubDistrict,Bigogwe,2406,2355,20,1.84,2.37,2502,1760,1430
WesternProvince,Nyabihu,ShyiraSubDistrict,Jenda,741,733,1,0.14,0.18,308,767,852
WesternProvince,Nyabihu,ShyiraSubDistrict,Jomba,809,804,2,0.25,0.32,395,896,763
WesternProvince,Nyabihu,ShyiraSubDistrict,Kabatwa,783,703,6,0.85,1.10,725,495,618
WesternProvince,Nyabihu,ShyiraSubDistrict,Karago,543,543,5,0.92,1.19,438,574,598
WesternProvince,Nyabihu,ShyiraSubDistrict,Mukamira,1166,1161,23,1.98,2.56,608,873,949
WesternProvince,Nyabihu,ShyiraSubDistrict,Muringa,595,554,4,0.72,0.93,284,408,412
WesternProvince,Nyabihu,ShyiraSubDistrict,Rambura,1020,1004,11,2.20,2.84,566,752,727
WesternProvince,Nyabihu,ShyiraSubDistrict,Rugera,1112,1064,1,0.17,0.22,573,875,854
WesternProvince,Nyabihu,ShyiraSubDistrict,Rurembo,813,812,3,0.37,0.48,239,570,594
WesternProvince,Nyabihu,ShyiraSubDistrict,Shyira,692,700,13,1.86,2.40,0,756,468
WesternProvince,Nyamasheke,BushengeSubDistrict,Bushekeri,955,900,6,0.67,0.63,659,724,861
WesternProvince,Nyamasheke,BushengeSubDistrict,Bushenge,1083,1036,5,0.48,0.46,640,1348,822
WesternProvince,Nyamasheke,BushengeSubDistrict,Karengera,1070,1010,6,0.59,0.56,775,844,1005
WesternProvince,Nyamasheke,BushengeSubDistrict,Nyabitekeri,916,889,5,1.02,0.97,574,764,895
WesternProvince,Nyamasheke,BushengeSubDistrict,Ruharambuga,656,631,6,0.95,0.90,451,699,835
WesternProvince,Nyamasheke,BushengeSubDistrict,Shangi,790,781,1,0.13,0.12,567,788,935
WesternProvince,Nyamasheke,KibogoraSubDistrict,Cyato,901,890,5,0.56,0.53,483,674,808
WesternProvince,Nyamasheke,KibogoraSubDistrict,Gihombo,907,886,5,0.56,0.54,910,889,1035
WesternProvince,Nyamasheke,KibogoraSubDistrict,Kagano,1213,1178,8,0.68,0.65,708,1045,1195
WesternProvince,Nyamasheke,KibogoraSubDistrict,Kanjongo,1579,1528,8,1.04,0.99,697,1374,1314
WesternProvince,Nyamasheke,KibogoraSubDistrict,Karambi,1182,1179,3,0.52,0.50,1035,1051,1094
WesternProvince,Nyamasheke,KibogoraSubDistrict,Kirimbi,988,873,2,0.23,0.22,847,888,930
WesternProvince,Nyamasheke,KibogoraSubDistrict,Macuba,935,913,6,1.41,1.34,797,869,973
WesternProvince,Nyamasheke,KibogoraSubDistrict,Mahembe,691,683,1,0.15,0.14,592,831,716
WesternProvince,Nyamasheke,KibogoraSubDistrict,Rangiro,606,591,6,1.02,0.96,379,652,689
WesternProvince,Rubavu,GisenyiSubDistrict,Bugeshi,956,848,3,0.35,0.23,423,604,1089
WesternProvince,Rubavu,GisenyiSubDistrict,Busasamana (Rubavu),2097,2088,4,0.19,0.12,1450,1745,2127
WesternProvince,Rubavu,GisenyiSubDistrict,Gisenyi,4153,3858,138,5.99,3.89,1727,3412,3603
WesternProvince,Rubavu,GisenyiSubDistrict,Kanama,1703,1658,15,0.90,0.59,1453,1169,1255
WesternProvince,Rubavu,GisenyiSubDistrict,Mudende,1863,1863,20,1.07,0.70,1170,788,1496
WesternProvince,Rubavu,GisenyiSubDistrict,Nyakiriba,0,0,0,0.00,0.00,0,0,0
WesternProvince,Rubavu,GisenyiSubDistrict,Nyamyumba,1493,1473,11,0.75,0.49,689,613,1382
WesternProvince,Rubavu,GisenyiSubDistrict,Nyundo,1757,1579,7,0.44,0.29,693,1331,2095
WesternProvince,Rubavu,GisenyiSubDistrict,Rubavu,2989,2921,28,1.92,1.25,1945,2308,2643
WesternProvince,Rusizi,GihundweSubDistrict,Bweyeye,695,690,2,0.29,0.29,558,576,648
WesternProvince,Rusizi,GihundweSubDistrict,Giheke,352,352,4,1.14,1.14,181,392,456
WesternProvince,Rusizi,GihundweSubDistrict,Kamembe,1635,1620,46,2.84,2.84,726,1676,1368
WesternProvince,Rusizi,GihundweSubDistrict,Mururu,1001,975,4,0.41,0.41,472,778,767
WesternProvince,Rusizi,GihundweSubDistrict,Nkanka,920,910,11,1.21,1.21,445,763,904
WesternProvince,Rusizi,GihundweSubDistrict,Nkombo,675,671,0,0.00,0.00,347,601,607
WesternProvince,Rusizi,MibiliziSubDistrict,Bugarama,1290,1285,12,0.93,0.93,773,1057,1229
WesternProvince,Rusizi,MibiliziSubDistrict,Butare,974,969,1,0.10,0.10,739,864,1023
WesternProvince,Rusizi,MibiliziSubDistrict,Gashonga,1021,1009,1,0.10,0.10,576,1826,824
WesternProvince,Rusizi,MibiliziSubDistrict,Gikundamvura,292,293,3,1.02,1.02,206,266,356
WesternProvince,Rusizi,MibiliziSubDistrict,Gitambi,1240,1225,2,0.16,0.16,715,995,1298
WesternProvince,Rusizi,MibiliziSubDistrict,Muganza (Rusizi),1296,1099,11,1.00,1.00,724,953,968
WesternProvince,Rusizi,MibiliziSubDistrict,Nkungu,804,802,4,0.50,0.50,448,665,832
WesternProvince,Rusizi,MibiliziSubDistrict,Nyakarenzo,481,475,1,0.21,0.21,199,353,409
WesternProvince,Rusizi,MibiliziSubDistrict,Nzahaha,404,404,0,0.00,0.00,270,350,342
WesternProvince,Rusizi,MibiliziSubDistrict,Rwimbogo,1624,1602,1,0.06,0.06,1153,1287,1372
WesternProvince,Rutsiro,MurundaSubDistrict,Boneza,583,572,5,0.87,0.80,352,450,582
WesternProvince,Rutsiro,MurundaSubDistrict,Gihango,1128,1104,7,1.14,1.05,559,886,1035
WesternProvince,Rutsiro,MurundaSubDistrict,Kigeyo,658,615,9,2.98,2.74,318,216,482
WesternProvince,Rutsiro,MurundaSubDistrict,Kivumu,1438,1418,0,0.00,0.00,1190,1324,1265
WesternProvince,Rutsiro,MurundaSubDistrict,Manihira,808,1384,12,0.87,0.80,425,228,389
WesternProvince,Rutsiro,MurundaSubDistrict,Mukura (Rutsiro),834,831,4,0.48,0.44,455,401,637
WesternProvince,Rutsiro,MurundaSubDistrict,Murunda,1279,1188,11,3.49,3.21,503,1862,1106
WesternProvince,Rutsiro,MurundaSubDistrict,Musasa,344,298,4,1.34,1.23,242,294,476
WesternProvince,Rutsiro,MurundaSubDistrict,Mushonyi,510,500,5,1.00,0.92,222,265,596
WesternProvince,Rutsiro,MurundaSubDistrict,Mushubati,562,557,51,9.16,8.42,413,685,795
WesternProvince,Rutsiro,MurundaSubDistrict,Nyabirasi,1465,1456,6,0.41,0.38,949,931,927
WesternProvince,Rutsiro,MurundaSubDistrict,Ruhango (Rutsiro),1379,1251,16,2.60,2.39,660,714,1075
WesternProvince,Rutsiro,MurundaSubDistrict,Rusebeya,578,535,5,0.93,0.86,382,481,757
